"","model","nll","k","AIC","dAIC"
"1","TMB-Mod1: RE",492.092973253211,230,1444.18594650642,0
"2","TMB-Mod2: Log-AR1-Age",563.012942684322,231,1588.02588536864,143.839938862221
"3","TMB-Mod3: Log-AR1-Yr",565.2616574094,231,1592.5233148188,148.337368312377
"4","TMB-Mod4: Log-2D-AR1",550.415455635602,232,1564.8309112712,120.644964764781
"5","TMB-Mod5: AR1-Age",581.705233486807,228,1619.41046697361,175.22452046719
"6","TMB-Mod6: AR1-Yr",3650.82282714932,228,7757.64565429864,6313.45970779222
"7","TMB-Mod7: 2D-AR1",561.091540508208,229,1580.18308101642,135.997134509994
"8","TMB-Mod8: 3D-AR1cond",3623.86327002291,230,7707.72654004583,6263.5405935394
"9","TMB-Mod9: 3D-AR1mar",535.284237830173,230,1530.56847566035,86.3825291539224
