"","year","est_TMB-Mod1: RE","se_TMB-Mod1: RE","est_TMB-Mod2: Log-AR1-Age","se_TMB-Mod2: Log-AR1-Age","est_TMB-Mod3: Log-AR1-Yr","se_TMB-Mod3: Log-AR1-Yr","est_TMB-Mod4: Log-2D-AR1","se_TMB-Mod4: Log-2D-AR1","est_TMB-Mod5: AR1-Age","se_TMB-Mod5: AR1-Age","est_TMB-Mod6: AR1-Yr","se_TMB-Mod6: AR1-Yr","est_TMB-Mod7: 2D-AR1","se_TMB-Mod7: 2D-AR1","est_TMB-Mod8: 3D-AR1cond","se_TMB-Mod8: 3D-AR1cond","est_TMB-Mod9: 3D-AR1mar","se_TMB-Mod9: 3D-AR1mar","est_ADMB","se_ADMB"
"1",2016,0.30017897950205,NA,0.301305839729916,0.0353074379684776,0.31384698592446,NA,0.313850099945615,0.0368484896988603,0.291428368698458,0.0339444457630041,0.217344560485149,NA,0.310302586335878,0.0366731067748555,0.335271570064338,NA,0.335075806455697,NA,0.30962,0.037337
"2",2017,0.392308099484566,NA,0.385532721492117,0.044385016293571,0.402185766099938,NA,0.402189637668042,0.0462987609971455,0.372868271712065,0.0426502694323421,0.297740985881448,NA,0.415348044893832,0.0475754296728333,0.449141076797074,NA,0.444230730294218,NA,0.42084,0.04899
"3",2018,0.373209204350209,NA,0.360764924266663,0.0449949803903956,0.377273819777304,NA,0.377277689572182,0.0469429214856715,0.348206991608779,0.0432553053643896,0.281937070755479,NA,0.399812391497862,0.0491438179938737,0.433980185144676,NA,0.427396032018685,NA,0.4082,0.050974
"4",2019,0.294757082490171,NA,0.277563482553409,0.0391574583380831,0.291431259300528,NA,0.291434600614957,0.0408924306204802,0.267085351619683,0.0376485114683193,0.216567989443778,NA,0.316514735239668,0.0435171922270791,0.344840365325487,NA,0.339603860557748,NA,0.32595,0.045412
"5",2020,0.212783887431128,NA,0.195860121405086,0.0319978925974696,0.206853854203528,NA,0.206856574085714,0.0334476921985315,0.187563581626222,0.0307676640307594,0.149386346484187,NA,0.229487771657039,0.035826203744431,0.25183290532135,NA,0.247934063351859,NA,0.23809,0.037461
"6",2021,0.225358524644083,NA,0.211636772625284,0.0360319744639795,0.223124969081126,NA,0.223128030137234,0.0376895307976673,0.202789768906977,0.0346335910897317,0.155558119757316,NA,0.244420901239006,0.0394929050624302,0.265245546720308,NA,0.263523028243723,NA,0.25152,0.041051
"7",2022,0.226165284318195,NA,0.217953781685989,0.0372766508789112,0.229621563848528,NA,0.229624622960583,0.0389574532006877,0.208899933911224,0.0357685784419144,0.151244202984432,NA,0.240767993574795,0.039435337817286,0.256645691963489,NA,0.257100322843087,NA,0.2434,0.040375
