"","model","nll","k","AIC","dAIC","SSB2022","SSB2023","B0","B40","B35","abc2023","ofl2023"
"fit0","Mod 0: Constant",573.258564737503,182,1510.51712947501,112.279479675702,"194,965",24556.4249760255,"426,000","170,000","149000","116023","135,943"
"fit1","Mod 1: ParDevs",514.517952192574,185,1399.03590438515,0.798254585843097,"200,783",26936.8635657215,"444,000","177,000","155000","111241","129,283"
"fit2","Mod 2: Log-AR1-Age",561.105454653547,188,1498.21090930709,99.9732595077894,"195,354",24955.3415855402,"431,000","172,000","151000","120395","141,135"
"fit3","Mod 3: Log-AR1-Yr",564.002435222461,188,1504.00487044492,105.767220645618,"197,418",25131.3848617411,"434,000","173,000","152000","116232","136,144"
"fit4","Mod 4: Log-2D-AR1",552.68573808023,189,1483.37147616046,85.1338263611556,"197,712",25727.9786168899,"431,000","172,000","151000","115567","134,850"
"fit5","Mod 5: Age-specific",530.817886713103,192,1445.63577342621,47.3981236269028,"193,172",24710.4600161266,"428,000","171,000","150000","121976","143,160"
"fit6","Mod 6: AR1-Yr",534.454056819928,194,1456.90811363986,58.670463840552,"188,313",24796.1398454727,"422,000","169,000","148000","121189","142,138"
"fit7","Mod 7: 2D-AR1",509.417472140607,195,1408.83494428121,10.5972944819105,"200,582",26435.7868685024,"436,000","175,000","153000","111397","129,765"
"fit8","Mod 8: 3D-AR1cond",503.118824899652,196,1398.2376497993,0,"200,024",26119.5260233168,"430,000","172,000","151000","110329","128,393"
